source,target
https://ledajans.com/led-ekran-nasil-secilir-rehber/,https://ledajans.com/blog/led-ekran-nasil-secilir-rehber/
https://ledajans.com/dis-mekan-led-ekran-fiyatlari-2026/,https://ledajans.com/blog/dis-mekan-led-ekran-fiyatlari-2026/
https://ledajans.com/ic-mekan-led-ekran-fiyatlari-2026/,https://ledajans.com/blog/ic-mekan-led-ekran-fiyatlari-2026/
https://ledajans.com/rental-led-ekran-kiralama-fiyatlari-2026/,https://ledajans.com/blog/rental-led-ekran-kiralama-fiyatlari-2026/
https://ledajans.com/tayor-serisi-outdoor-fixed-full-color-cabinet-nedir/,https://ledajans.com/blog/tayor-serisi-outdoor-fixed-full-color-cabinet-nedir/
https://ledajans.com/hd-a4l-nedir-huidu-led-ekran-kontrol-karti-rehberi/,https://ledajans.com/blog/hd-a4l-nedir-huidu-led-ekran-kontrol-karti-rehberi/
https://ledajans.com/izmir-led-ekran/,https://ledajans.com/blog/izmir-led-ekran/
https://ledajans.com/led-ekran-fiyatlari-2026-mayis/,https://ledajans.com/blog/led-ekran-fiyatlari-2026-mayis/
https://ledajans.com/colorlight-x6/,https://ledajans.com/blog/colorlight-x6/
https://ledajans.com/led-ekran-fiyatlari-2026-2/,https://ledajans.com/blog/led-ekran-fiyatlari-2026-2/
https://ledajans.com/dis-mekan-led-ekran-ip-parlaklik-dayaniklilik/,https://ledajans.com/blog/dis-mekan-led-ekran-ip-parlaklik-dayaniklilik/
https://ledajans.com/colorlight-x8m-nedir/,https://ledajans.com/blog/colorlight-x8m-nedir/
https://ledajans.com/receiving-card-alici-kart/,https://ledajans.com/blog/receiving-card-alici-kart/
https://ledajans.com/led-ekran-fiyatlari-2026/,https://ledajans.com/blog/led-ekran-fiyatlari-2026/
https://ledajans.com/colorlight-x4e-ve-x4m/,https://ledajans.com/blog/colorlight-x4e-ve-x4m/
https://ledajans.com/huidu-hd-a5l-controller-karti/,https://ledajans.com/blog/huidu-hd-a5l-controller-karti/
https://ledajans.com/huidu-r712-receiving-card/,https://ledajans.com/blog/huidu-r712-receiving-card/
https://ledajans.com/colorlight-a500/,https://ledajans.com/blog/colorlight-a500/
https://ledajans.com/colorlight-a200/,https://ledajans.com/blog/colorlight-a200/
https://ledajans.com/huidu-a3l-controller-karti/,https://ledajans.com/blog/huidu-a3l-controller-karti/
https://ledajans.com/colorlight-a60-player/,https://ledajans.com/blog/colorlight-a60-player/
https://ledajans.com/huidu-c08l-controller/,https://ledajans.com/blog/huidu-c08l-controller/
https://ledajans.com/colorlight-a40/,https://ledajans.com/blog/colorlight-a40/
https://ledajans.com/colorlight-e120/,https://ledajans.com/blog/colorlight-e120/
https://ledajans.com/huidu-c16l/,https://ledajans.com/blog/huidu-c16l/
https://ledajans.com/colorlight-a35/,https://ledajans.com/blog/colorlight-a35/
https://ledajans.com/e80/,https://ledajans.com/blog/e80/
https://ledajans.com/serit-led/,https://ledajans.com/blog/serit-led/
https://ledajans.com/de/was-ist-ein-led-streifen/,https://ledajans.com/blog/was-ist-ein-led-streifen/
https://ledajans.com/kayan-yazi/,https://ledajans.com/blog/kayan-yazi/
https://ledajans.com/de/ticker/,https://ledajans.com/blog/ticker/
https://ledajans.com/de/verwendung-des-p10-grafikdisplays/,https://ledajans.com/blog/verwendung-des-p10-grafikdisplays/
https://ledajans.com/p10-grafik-ekran-kullanimi/,https://ledajans.com/blog/p10-grafik-ekran-kullanimi/
https://ledajans.com/de/p10-panel-4-2/,https://ledajans.com/blog/p10-panel-4-2/
https://ledajans.com/p10-panel/,https://ledajans.com/blog/p10-panel/
https://ledajans.com/de/led-ekran/,https://ledajans.com/blog/led-ekran/
https://ledajans.com/de/led-ekran-10/,https://ledajans.com/blog/led-ekran-10/
https://ledajans.com/de/led-anzeige/,https://ledajans.com/blog/led-anzeige/
https://ledajans.com/de/p10-panel-3/,https://ledajans.com/blog/p10-panel-3/
https://ledajans.com/de/p10-panel-2-2/,https://ledajans.com/blog/p10-panel-2-2/
https://ledajans.com/de/p10-panel-5/,https://ledajans.com/blog/p10-panel-5/
https://ledajans.com/de/hd-c10/,https://ledajans.com/blog/hd-c10/
https://ledajans.com/led/,https://ledajans.com/blog/led/
https://ledajans.com/led-2/,https://ledajans.com/blog/led-2/
https://ledajans.com/de/gefuehrt/,https://ledajans.com/blog/gefuehrt/
https://ledajans.com/de/gefuehrt-2/,https://ledajans.com/blog/gefuehrt-2/
https://ledajans.com/de/gefuehrt-3/,https://ledajans.com/blog/gefuehrt-3/
https://ledajans.com/p10-panel-kirmizi-5/,https://ledajans.com/blog/p10-panel-kirmizi-5/
https://ledajans.com/p10-panel-beyaz/,https://ledajans.com/blog/p10-panel-beyaz/
https://ledajans.com/p10-panel-kirmizi-4/,https://ledajans.com/blog/p10-panel-kirmizi-4/
https://ledajans.com/led-panel/,https://ledajans.com/blog/led-panel/
https://ledajans.com/led-ekran-7/,https://ledajans.com/blog/led-ekran-7/
https://ledajans.com/p10-panel-kirmizi-3/,https://ledajans.com/blog/p10-panel-kirmizi-3/
https://ledajans.com/led-ekran-6/,https://ledajans.com/blog/led-ekran-6/
https://ledajans.com/p10-kirmizi-panel-2/,https://ledajans.com/blog/p10-kirmizi-panel-2/
https://ledajans.com/led-ekran-5/,https://ledajans.com/blog/led-ekran-5/
https://ledajans.com/led-ekran-2/,https://ledajans.com/blog/led-ekran-2/
https://ledajans.com/led-ekran-4/,https://ledajans.com/blog/led-ekran-4/
https://ledajans.com/de/led-bildschirm/,https://ledajans.com/blog/led-bildschirm/
https://ledajans.com/de/p10-rotes-panel/,https://ledajans.com/blog/p10-rotes-panel/
https://ledajans.com/p10-kirmizi-panel/,https://ledajans.com/blog/p10-kirmizi-panel/
https://ledajans.com/ic-mekan-led-ekranlar/,https://ledajans.com/blog/ic-mekan-led-ekranlar/
https://ledajans.com/dis-mekan-led-ekranlar/,https://ledajans.com/blog/dis-mekan-led-ekranlar/
https://ledajans.com/p4-indoor-rgb-panel/,https://ledajans.com/blog/p4-indoor-rgb-panel/
https://ledajans.com/p5-indoor-rgb-panel/,https://ledajans.com/blog/p5-indoor-rgb-panel/
https://ledajans.com/p25-indoor-rgb-panel/,https://ledajans.com/blog/p25-indoor-rgb-panel/
https://ledajans.com/p3-indoor-rgb-panel/,https://ledajans.com/blog/p3-indoor-rgb-panel/
https://ledajans.com/p4-outdoor-rgb-panel/,https://ledajans.com/blog/p4-outdoor-rgb-panel/
https://ledajans.com/p5-outdoor-rgb-panel/,https://ledajans.com/blog/p5-outdoor-rgb-panel/
https://ledajans.com/p6-outdoor-rgb-panel/,https://ledajans.com/blog/p6-outdoor-rgb-panel/
https://ledajans.com/p8-outdoor-rgb-panel/,https://ledajans.com/blog/p8-outdoor-rgb-panel/
https://ledajans.com/p10-outdoor-rgb-panel/,https://ledajans.com/blog/p10-outdoor-rgb-panel/
https://ledajans.com/p10-panel-kirmizi/,https://ledajans.com/blog/p10-panel-kirmizi/
https://ledajans.com/p10-rgb-kabin/,https://ledajans.com/blog/p10-rgb-kabin/
https://ledajans.com/tf-qs2n-kontrol-karti-2/,https://ledajans.com/blog/tf-qs2n-kontrol-karti-2/
https://ledajans.com/pcb-nedir/,https://ledajans.com/blog/pcb-nedir/
https://ledajans.com/led-nit-mcd/,https://ledajans.com/blog/led-nit-mcd/
https://ledajans.com/led-led-ekran/,https://ledajans.com/blog/led-led-ekran/
https://ledajans.com/led-ekran-3/,https://ledajans.com/blog/led-ekran-3/
https://ledajans.com/dip-led-panel-tamiri/,https://ledajans.com/blog/dip-led-panel-tamiri/
https://ledajans.com/hd-d10-kontrol-karti/,https://ledajans.com/blog/hd-d10-kontrol-karti/
https://ledajans.com/hd-d30-kontrol-karti/,https://ledajans.com/blog/hd-d30-kontrol-karti/
https://ledajans.com/hd-c10-kontrol-karti/,https://ledajans.com/blog/hd-c10-kontrol-karti/
https://ledajans.com/hd-c10c-kontrol-karti/,https://ledajans.com/blog/hd-c10c-kontrol-karti/
https://ledajans.com/hd-c30-kontrol-karti/,https://ledajans.com/blog/hd-c30-kontrol-karti/
https://ledajans.com/hd-a30-kontrol-karti/,https://ledajans.com/blog/hd-a30-kontrol-karti/
https://ledajans.com/hd-a601-kontrol-karti/,https://ledajans.com/blog/hd-a601-kontrol-karti/
https://ledajans.com/hd-a602-kontrol-karti/,https://ledajans.com/blog/hd-a602-kontrol-karti/
https://ledajans.com/hd-a603-kontrol-karti/,https://ledajans.com/blog/hd-a603-kontrol-karti/
https://ledajans.com/tf-qs2-kontrol-karti/,https://ledajans.com/blog/tf-qs2-kontrol-karti/
https://ledajans.com/tf-qs2n-kontrol-karti/,https://ledajans.com/blog/tf-qs2n-kontrol-karti/
https://ledajans.com/tf-qb5-kontrol-karti/,https://ledajans.com/blog/tf-qb5-kontrol-karti/
https://ledajans.com/tf-qc1-kontrol-karti/,https://ledajans.com/blog/tf-qc1-kontrol-karti/
https://ledajans.com/tf-qc3-kontrol-karti/,https://ledajans.com/blog/tf-qc3-kontrol-karti/
https://ledajans.com/ts-802-sender-linsn/,https://ledajans.com/blog/ts-802-sender-linsn/
https://ledajans.com/rv-908-receiver-linsn/,https://ledajans.com/blog/rv-908-receiver-linsn/
https://ledajans.com/msd-300-nova-sender/,https://ledajans.com/blog/msd-300-nova-sender/
https://ledajans.com/nova-mrv-330-receiver/,https://ledajans.com/blog/nova-mrv-330-receiver/
https://ledajans.com/mctrl-300/,https://ledajans.com/blog/mctrl-300/
https://ledajans.com/psd100/,https://ledajans.com/blog/psd100/
https://ledajans.com/led-ekran-omru/,https://ledajans.com/blog/led-ekran-omru/
https://ledajans.com/led-ekran-kullanim-alanlari/,https://ledajans.com/blog/led-ekran-kullanim-alanlari/
https://ledajans.com/hd-a3-kontrol-karti/,https://ledajans.com/blog/hd-a3-kontrol-karti/
